;186;;;Achats;
;187;;;Administration;
;188;;;Agriculture;
;189;;;Alimentation;
;190;;;Art;
;191;;;Assurances;
;192;;;Automation;
;193;;;Automobile;
;194;;;Banking;
;195;;;Biologie;
;196;;;Bureautique;
;197;;;CFAO;
;198;;;Coaching;
;199;;;Coiffure;
;200;;;Commerce;
;201;;;Communication;
;202;;;Comptabilité;
;203;;;Conciergerie;
;204;;;Construction;
;205;;;Controlling;
;206;;;Cuisine;
;207;;;Culture;
;208;;;Décolletage;
;209;;;Design;
;210;;;Développement personnel;
;211;;;Droit;
;212;;;Economie;
;213;;;Education;
;214;;;Electricité;
;215;;;e-Marketing;
;216;;;Emploi;
;217;;;Energie;
;218;;;Entreprise;
;219;;;Environnement;
;220;;;Expression créatrice;
;221;;;Finances;
;222;;;Formateur;
;223;;;Gestion;
;224;;;Gestion de projet;
;225;;;Gestion d'entreprise;
;226;;;Gestion immobilière;
;227;;;Histoire;
;228;;;Horlogerie;
;229;;;Humanitaire;
;230;;;Informatique;
;231;;;Ingénierie;
;232;;;Langue;
;233;;;Lettres;
;234;;;Littérature;
;235;;;Logistique;
;236;;;Management;
;237;;;Marketing;
;238;;;Mathématiques;
;239;;;Mécanique;
;240;;;Médical;
;241;;;Musique;
;242;;;Nature;
;243;;;Négociation;
;244;;;Opinion publique;
;245;;;Pédagogie;
;246;;;Petite enfance;
;247;;;Plasturgie;
;248;;;Production;
;249;;;Psychologie;
;250;;;Psychomotricité;
;251;;;Qualité;
;252;;;Ressources humaines;
;253;;;Restauration;
;254;;;Santé;
;255;;;Santé / Social;
;256;;;Sciences;
;257;;;Sciences humaines;
;258;;;Sécurité;
;259;;;Social;
;260;;;Soins;
;261;;;Stratégie;
;262;;;Supply Chain;
;263;;;Technique;
;264;;;Technologie;
;265;;;Théologie;
;266;;;TIC;
;267;;;Tourisme;
;268;;;Traduction;
;269;;;Transport;
;270;;;Urbanisation;
;271;;;Vente;